task_id,track,partition,state,base_id
d16-matlab-multiroute,SourceRepair150,SourceRepair150,source_repair,
d16-railway-multiroute,SourceRepair150,SourceRepair150,source_repair,
d16-unbroker-multiroute,SourceRepair150,SourceRepair150,source_repair,
d16-vcp-multiroute,SourceRepair150,SourceRepair150,source_repair,
d18-ace-enhancement-workflow-multiflow,SourceRepair150,SourceRepair150,source_repair,
d18-breakout-actionable-multiflow,SourceRepair150,SourceRepair150,source_repair,
d18-parabolic-two-phase-multiflow,SourceRepair150,SourceRepair150,source_repair,
d18-pkpd-estimation-exposure-multiflow,SourceRepair150,SourceRepair150,source_repair,
d18-trader-memory-review-multiflow,SourceRepair150,SourceRepair150,source_repair,
d24-autoskill-run-binding,SourceRepair150,SourceRepair150,source_repair,
d24-canslim-analysis-binding,SourceRepair150,SourceRepair150,source_repair,
d24-gtars-bed-path-binding,SourceRepair150,SourceRepair150,source_repair,
d24-pathml-mask-write-binding,SourceRepair150,SourceRepair150,source_repair,
d24-pptx-template-binding,SourceRepair150,SourceRepair150,source_repair,
d24-protocols-request-binding,SourceRepair150,SourceRepair150,source_repair,
d24-pydicom-pseudonym-binding,SourceRepair150,SourceRepair150,source_repair,
d25-bottleneck-index-effect,SourceRepair150,SourceRepair150,source_repair,
d25-conversation-field-effect,SourceRepair150,SourceRepair150,source_repair,
d25-data-quality-threshold-effect,SourceRepair150,SourceRepair150,source_repair,
d25-design-prompt-field-effect,SourceRepair150,SourceRepair150,source_repair,
d25-duration-threshold-effect,SourceRepair150,SourceRepair150,source_repair,
d25-forecast-threshold-effect,SourceRepair150,SourceRepair150,source_repair,
d25-l4t-delimiter-effect,SourceRepair150,SourceRepair150,source_repair,
d25-media-type-delimiter-effect,SourceRepair150,SourceRepair150,source_repair,
d25-playwright-delimiter-effect,SourceRepair150,SourceRepair150,source_repair,
d25-structure-score-limit-effect,SourceRepair150,SourceRepair150,source_repair,
d25-tempo-field-effect,SourceRepair150,SourceRepair150,source_repair,
d25-tokenize-limit-effect,SourceRepair150,SourceRepair150,source_repair,
d26-adt-zone-nested-flow,SourceRepair150,SourceRepair150,source_repair,
d26-app-name-nested-flow,SourceRepair150,SourceRepair150,source_repair,
d26-citation-text-alias-flow,SourceRepair150,SourceRepair150,source_repair,
d26-conversation-created-nested-flow,SourceRepair150,SourceRepair150,source_repair,
d26-extract-date-nested-flow,SourceRepair150,SourceRepair150,source_repair,
d26-feedback-item-alias-flow,SourceRepair150,SourceRepair150,source_repair,
d26-format-metric-alias-flow,SourceRepair150,SourceRepair150,source_repair,
d26-linear-regression-module-flow,SourceRepair150,SourceRepair150,source_repair,
d26-parse-horizons-module-flow,SourceRepair150,SourceRepair150,source_repair,
d26-tail-module-flow,SourceRepair150,SourceRepair150,source_repair,
d26-to-bubble-module-flow,SourceRepair150,SourceRepair150,source_repair,
d26-ts-to-seconds-alias-flow,SourceRepair150,SourceRepair150,source_repair,
d27-analytical-method-dual-flow,SourceRepair150,SourceRepair150,source_repair,
d27-comfyui-dual-flow,SourceRepair150,SourceRepair150,source_repair,
d27-commercial-forecast-dual-flow,SourceRepair150,SourceRepair150,source_repair,
d27-cot-analysis-dual-flow,SourceRepair150,SourceRepair150,source_repair,
d27-data-quality-dual-flow,SourceRepair150,SourceRepair150,source_repair,
d27-image-search-dual-flow,SourceRepair150,SourceRepair150,source_repair,
d27-momentum-screen-dual-flow,SourceRepair150,SourceRepair150,source_repair,
d27-pinmux-dual-flow,SourceRepair150,SourceRepair150,source_repair,
d27-stock-study-dual-flow,SourceRepair150,SourceRepair150,source_repair,
d27-vpe-planning-dual-flow,SourceRepair150,SourceRepair150,source_repair,
d28-js-mp4-extension-filter,SourceRepair150,SourceRepair150,source_repair,
d28-js-sort-direction,SourceRepair150,SourceRepair150,source_repair,
d28-sh-default-fallback,SourceRepair150,SourceRepair150,source_repair,
d28-sh-exit-status,SourceRepair150,SourceRepair150,source_repair,
d28-sh-unary-guard,SourceRepair150,SourceRepair150,source_repair,
d28-ts-branch-literal,SourceRepair150,SourceRepair150,source_repair,
d28-ts-local-fallback,SourceRepair150,SourceRepair150,source_repair,
d28-ts-sort-direction,SourceRepair150,SourceRepair150,source_repair,
d29-alert-ack-options,SourceRepair150,SourceRepair150,source_repair,
d29-alert-ack-safety-options,SourceRepair150,SourceRepair150,source_repair,
d29-alert-query-options,SourceRepair150,SourceRepair150,source_repair,
d29-diff-selection-options,SourceRepair150,SourceRepair150,source_repair,
d29-extract-capacity-options,SourceRepair150,SourceRepair150,source_repair,
d29-receipts-filter-options,SourceRepair150,SourceRepair150,source_repair,
d29-replica-capture-options,SourceRepair150,SourceRepair150,source_repair,
d29-service-output-options,SourceRepair150,SourceRepair150,source_repair,
d29-service-transaction-options,SourceRepair150,SourceRepair150,source_repair,
d29-service-window-options,SourceRepair150,SourceRepair150,source_repair,
d30-comfy-node-iteration,SourceRepair150,SourceRepair150,source_repair,
d30-comfy-schema-return,SourceRepair150,SourceRepair150,source_repair,
d30-data-quality-ordering,SourceRepair150,SourceRepair150,source_repair,
d30-forge-template-recovery,SourceRepair150,SourceRepair150,source_repair,
d30-fx-tier-validation,SourceRepair150,SourceRepair150,source_repair,
d30-market-history-persistence,SourceRepair150,SourceRepair150,source_repair,
d30-position-precision-validation,SourceRepair150,SourceRepair150,source_repair,
d30-stanley-json-persistence,SourceRepair150,SourceRepair150,source_repair,
d30-weekly-bar-ordering,SourceRepair150,SourceRepair150,source_repair,
d30-workflow-fixture-directory,SourceRepair150,SourceRepair150,source_repair,
d31-calendar-network-error-contract,SourceRepair150,SourceRepair150,source_repair,
d31-coordination-claim-recovery,SourceRepair150,SourceRepair150,source_repair,
d31-dividend-event-cap-flow,SourceRepair150,SourceRepair150,source_repair,
d31-forge-template-validation-recovery,SourceRepair150,SourceRepair150,source_repair,
d31-integration-markdown-report,SourceRepair150,SourceRepair150,source_repair,
d31-onboarding-manifest-recovery,SourceRepair150,SourceRepair150,source_repair,
d31-pair-screen-json-persistence,SourceRepair150,SourceRepair150,source_repair,
d31-pivot-ranking-contract,SourceRepair150,SourceRepair150,source_repair,
d31-postmortem-priority-order,SourceRepair150,SourceRepair150,source_repair,
d31-review-iteration-directory,SourceRepair150,SourceRepair150,source_repair,
d31-signal-deduplication-ranking,SourceRepair150,SourceRepair150,source_repair,
d31-weekly-series-normalization,SourceRepair150,SourceRepair150,source_repair,
d32-contrarian-json-recovery,SourceRepair150,SourceRepair150,source_repair,
d32-downtrend-mean-schema,SourceRepair150,SourceRepair150,source_repair,
d32-earnings-total-schema,SourceRepair150,SourceRepair150,source_repair,
d32-edge-concept-evidence-schema,SourceRepair150,SourceRepair150,source_repair,
d32-exposure-json-recovery,SourceRepair150,SourceRepair150,source_repair,
d32-ftd-days-schema,SourceRepair150,SourceRepair150,source_repair,
d32-hint-timestamp-recovery,SourceRepair150,SourceRepair150,source_repair,
d32-navigator-gap-order,SourceRepair150,SourceRepair150,source_repair,
d32-pretrade-cli-recovery,SourceRepair150,SourceRepair150,source_repair,
d33-dividend-summary-schema,SourceRepair150,SourceRepair150,source_repair,
d33-hint-news-symbol-schema,SourceRepair150,SourceRepair150,source_repair,
d33-hint-safe-float-recovery,SourceRepair150,SourceRepair150,source_repair,
d33-market-new-york-schema,SourceRepair150,SourceRepair150,source_repair,
d33-sector-ranking-direction,SourceRepair150,SourceRepair150,source_repair,
d33-strategy-risk-profile-schema,SourceRepair150,SourceRepair150,source_repair,
d37-task-000bd5577b58cf49b566,SourceRepair150,SourceRepair150,source_repair,
d37-task-175f00bdba98ffc30896,SourceRepair150,SourceRepair150,source_repair,
d37-task-22d3e8cafd215466ba13,SourceRepair150,SourceRepair150,source_repair,
d37-task-23a2c3120d2b201a45a5,SourceRepair150,SourceRepair150,source_repair,
d37-task-2dd6e7c8e214cb288123,SourceRepair150,SourceRepair150,source_repair,
d37-task-31405924764f28ac3fc4,SourceRepair150,SourceRepair150,source_repair,
d37-task-3344d69baab671b330f8,SourceRepair150,SourceRepair150,source_repair,
d37-task-346e02a74b07b08ff595,SourceRepair150,SourceRepair150,source_repair,
d37-task-37754231467873841115,SourceRepair150,SourceRepair150,source_repair,
d37-task-3960b339958a2f827109,SourceRepair150,SourceRepair150,source_repair,
d37-task-3ce5cb75391abf3954b0,SourceRepair150,SourceRepair150,source_repair,
d37-task-4113071bffb3dc51e96f,SourceRepair150,SourceRepair150,source_repair,
d37-task-41cb5c6af038f5e2b7e7,SourceRepair150,SourceRepair150,source_repair,
d37-task-4283c8752aa39f86b5bb,SourceRepair150,SourceRepair150,source_repair,
d37-task-4554a7224a0e7dc98c32,SourceRepair150,SourceRepair150,source_repair,
d37-task-49711b83913d1d42a776,SourceRepair150,SourceRepair150,source_repair,
d37-task-4b3a470e836fb85231cd,SourceRepair150,SourceRepair150,source_repair,
d37-task-4dc5d915c3e97f67b764,SourceRepair150,SourceRepair150,source_repair,
d37-task-512655ed3307f7a18d39,SourceRepair150,SourceRepair150,source_repair,
d37-task-58f6e5ee05bafe7ba05b,SourceRepair150,SourceRepair150,source_repair,
d37-task-60eecfccff957e7a8f6f,SourceRepair150,SourceRepair150,source_repair,
d37-task-6bd8c1d011aa1adfd9bf,SourceRepair150,SourceRepair150,source_repair,
d37-task-79074eb5b2a0e3643d25,SourceRepair150,SourceRepair150,source_repair,
d37-task-81c7b0ca01ebc4496185,SourceRepair150,SourceRepair150,source_repair,
d37-task-8443b0beec5172d02f03,SourceRepair150,SourceRepair150,source_repair,
d37-task-87f66a7c98e4e70409cd,SourceRepair150,SourceRepair150,source_repair,
d37-task-8a3ca32a1b9e1e36deab,SourceRepair150,SourceRepair150,source_repair,
d37-task-8e546d208ad9ded0e370,SourceRepair150,SourceRepair150,source_repair,
d37-task-9c27c0773c7813575d77,SourceRepair150,SourceRepair150,source_repair,
d37-task-9e10083192c86474a0d5,SourceRepair150,SourceRepair150,source_repair,
d37-task-9f27a533d67f1041c692,SourceRepair150,SourceRepair150,source_repair,
d37-task-a476adb771028022004f,SourceRepair150,SourceRepair150,source_repair,
d37-task-a55d2a55ef2972425ac1,SourceRepair150,SourceRepair150,source_repair,
d37-task-b36758c55afcdc980ee8,SourceRepair150,SourceRepair150,source_repair,
d37-task-c88c2594642b6ca6eacc,SourceRepair150,SourceRepair150,source_repair,
d37-task-db74663796be8d0425ab,SourceRepair150,SourceRepair150,source_repair,
d37-task-dda90db3aa05bd3f8e52,SourceRepair150,SourceRepair150,source_repair,
d37-task-e82f91c94eb69a9eb06f,SourceRepair150,SourceRepair150,source_repair,
d37-task-e8b55c326fe99cd8bd85,SourceRepair150,SourceRepair150,source_repair,
d37-task-e94a22c31d5ae48560af,SourceRepair150,SourceRepair150,source_repair,
d37-task-eb10b2371c4c2de44393,SourceRepair150,SourceRepair150,source_repair,
d37-task-f02ecfd737b4939c771a,SourceRepair150,SourceRepair150,source_repair,
d37-task-f9d85e391f0eafcb01d8,SourceRepair150,SourceRepair150,source_repair,
d37-task-fa83abea78fb4cfec75a,SourceRepair150,SourceRepair150,source_repair,
d37-task-fc45a1ee56bdc374b587,SourceRepair150,SourceRepair150,source_repair,
ssb-deep60-case-006bc33274808722,ArtifactState200,DeepFlow60,doc_fault,ssb-deep60-base-bcef286f08178ad7
ssb-deep60-case-0c09b835766fbeb3,ArtifactState200,DeepFlow60,doc_fault,ssb-deep60-base-8d91aef2460f9f34
ssb-deep60-case-1964cc41c4230ac6,ArtifactState200,DeepFlow60,doc_fault,ssb-deep60-base-f50a8a99aa162911
ssb-deep60-case-201e0557f330b9a5,ArtifactState200,DeepFlow60,joint_fault,ssb-deep60-base-b695a29f9385d4a7
ssb-deep60-case-228d0ffc53d66279,ArtifactState200,DeepFlow60,script_fault,ssb-deep60-base-46a63e7b5abc234c
ssb-deep60-case-257e64ffab1a3528,ArtifactState200,DeepFlow60,script_fault,ssb-deep60-base-b695a29f9385d4a7
ssb-deep60-case-2da337283cb19933,ArtifactState200,DeepFlow60,script_fault,ssb-deep60-base-f50a8a99aa162911
ssb-deep60-case-33ac9a65ce503be0,ArtifactState200,DeepFlow60,script_fault,ssb-deep60-base-237aadb192520337
ssb-deep60-case-35a2f3a68b737d17,ArtifactState200,DeepFlow60,doc_fault,ssb-deep60-base-f2501523f401da2f
ssb-deep60-case-3945e621dbe591f2,ArtifactState200,DeepFlow60,doc_fault,ssb-deep60-base-157454365bfcf0bd
ssb-deep60-case-3d70e9ee5960a955,ArtifactState200,DeepFlow60,joint_fault,ssb-deep60-base-46a63e7b5abc234c
ssb-deep60-case-3edf89f2eaf2256a,ArtifactState200,DeepFlow60,script_fault,ssb-deep60-base-f2501523f401da2f
ssb-deep60-case-44666d135376b1f8,ArtifactState200,DeepFlow60,joint_fault,ssb-deep60-base-157454365bfcf0bd
ssb-deep60-case-44a93a45bffa783d,ArtifactState200,DeepFlow60,joint_fault,ssb-deep60-base-d55c71d55836c5c1
ssb-deep60-case-4663341edfb2b6f1,ArtifactState200,DeepFlow60,script_fault,ssb-deep60-base-8cc5461a63fc7624
ssb-deep60-case-477e5368654ce73a,ArtifactState200,DeepFlow60,script_fault,ssb-deep60-base-d55c71d55836c5c1
ssb-deep60-case-4be690e181006943,ArtifactState200,DeepFlow60,doc_fault,ssb-deep60-base-b695a29f9385d4a7
ssb-deep60-case-4e4f7ead8f6c9eeb,ArtifactState200,DeepFlow60,doc_fault,ssb-deep60-base-936fac9185f1b89c
ssb-deep60-case-4f38d2208748ddec,ArtifactState200,DeepFlow60,script_fault,ssb-deep60-base-936fac9185f1b89c
ssb-deep60-case-577f54d067178c81,ArtifactState200,DeepFlow60,doc_fault,ssb-deep60-base-cdcb6fe15625c2dc
ssb-deep60-case-59d68eb34c143ef9,ArtifactState200,DeepFlow60,script_fault,ssb-deep60-base-cdcb6fe15625c2dc
ssb-deep60-case-5a656b1389025f63,ArtifactState200,DeepFlow60,script_fault,ssb-deep60-base-29a649bbc03d507a
ssb-deep60-case-5e2135622b4d04df,ArtifactState200,DeepFlow60,joint_fault,ssb-deep60-base-8cc5461a63fc7624
ssb-deep60-case-68a63e09abb30c8e,ArtifactState200,DeepFlow60,joint_fault,ssb-deep60-base-936fac9185f1b89c
ssb-deep60-case-69ff23c2ea069e8e,ArtifactState200,DeepFlow60,doc_fault,ssb-deep60-base-29a649bbc03d507a
ssb-deep60-case-6e7b23ac72af3a47,ArtifactState200,DeepFlow60,script_fault,ssb-deep60-base-bcef286f08178ad7
ssb-deep60-case-79e858ccb1ddfce4,ArtifactState200,DeepFlow60,joint_fault,ssb-deep60-base-cdcb6fe15625c2dc
ssb-deep60-case-7fef6db08be13d38,ArtifactState200,DeepFlow60,joint_fault,ssb-deep60-base-f50a8a99aa162911
ssb-deep60-case-86a21591c72f64a2,ArtifactState200,DeepFlow60,doc_fault,ssb-deep60-base-d55c71d55836c5c1
ssb-deep60-case-a1d55eed1b99a267,ArtifactState200,DeepFlow60,doc_fault,ssb-deep60-base-46a63e7b5abc234c
ssb-deep60-case-a3b20cbc89d222e6,ArtifactState200,DeepFlow60,script_fault,ssb-deep60-base-9729762ce958c22e
ssb-deep60-case-a9b6d4ee474dbd50,ArtifactState200,DeepFlow60,joint_fault,ssb-deep60-base-f2501523f401da2f
ssb-deep60-case-ac9ca783e9209184,ArtifactState200,DeepFlow60,doc_fault,ssb-deep60-base-9729762ce958c22e
ssb-deep60-case-ae10df1789213321,ArtifactState200,DeepFlow60,joint_fault,ssb-deep60-base-29a649bbc03d507a
ssb-deep60-case-b4e6ba502912fae1,ArtifactState200,DeepFlow60,joint_fault,ssb-deep60-base-bcef286f08178ad7
ssb-deep60-case-bf46c727d4e00e1c,ArtifactState200,DeepFlow60,joint_fault,ssb-deep60-base-8d91aef2460f9f34
ssb-deep60-case-c7ac31e98411fbc8,ArtifactState200,DeepFlow60,script_fault,ssb-deep60-base-467d430ffc40b7ad
ssb-deep60-case-da820003ecf7eff1,ArtifactState200,DeepFlow60,script_fault,ssb-deep60-base-157454365bfcf0bd
ssb-deep60-case-dc13702398275310,ArtifactState200,DeepFlow60,doc_fault,ssb-deep60-base-467d430ffc40b7ad
ssb-deep60-case-ddcc3868cfc01f43,ArtifactState200,DeepFlow60,joint_fault,ssb-deep60-base-467d430ffc40b7ad
ssb-deep60-case-e12dad4e79df4450,ArtifactState200,DeepFlow60,doc_fault,ssb-deep60-base-8cc5461a63fc7624
ssb-deep60-case-e2f444b823fb46bc,ArtifactState200,DeepFlow60,joint_fault,ssb-deep60-base-237aadb192520337
ssb-deep60-case-e498f35fbe365bd1,ArtifactState200,DeepFlow60,doc_fault,ssb-deep60-base-237aadb192520337
ssb-deep60-case-e79aac0c3a12e8d1,ArtifactState200,DeepFlow60,joint_fault,ssb-deep60-base-9729762ce958c22e
ssb-deep60-case-f8e43276eccd8365,ArtifactState200,DeepFlow60,script_fault,ssb-deep60-base-8d91aef2460f9f34
ssb-hard60-case-006a0f1a977c92e0,ArtifactState200,Breadth60,joint_fault,ssb-hard60-base-61ac494d57639881
ssb-hard60-case-05e4adead74071a3,ArtifactState200,Breadth60,doc_fault,ssb-hard60-base-b07adbdc2f385eb0
ssb-hard60-case-0ed55f1dfd7abf1c,ArtifactState200,Breadth60,script_fault,ssb-hard60-base-56ead6cdebb36710
ssb-hard60-case-168be6d7158a7c81,ArtifactState200,Breadth60,script_fault,ssb-hard60-base-898d34e1f8687377
ssb-hard60-case-18c2763c31ddc893,ArtifactState200,Breadth60,doc_fault,ssb-hard60-base-e090a4e8446db328
ssb-hard60-case-27deec61d7748834,ArtifactState200,Breadth60,script_fault,ssb-hard60-base-2aaadcedd1f802ce
ssb-hard60-case-2819a87d7d1dfbe8,ArtifactState200,Breadth60,joint_fault,ssb-hard60-base-e090a4e8446db328
ssb-hard60-case-29cee80e19023fd5,ArtifactState200,Breadth60,joint_fault,ssb-hard60-base-419cfe06f63c460e
ssb-hard60-case-2b7a241c7dc5b7dd,ArtifactState200,Breadth60,script_fault,ssb-hard60-base-da42e4a2ef43fb47
ssb-hard60-case-31f240109c9c60d1,ArtifactState200,Breadth60,script_fault,ssb-hard60-base-d31244d06996c69e
ssb-hard60-case-347a442406e41c58,ArtifactState200,Breadth60,joint_fault,ssb-hard60-base-da42e4a2ef43fb47
ssb-hard60-case-351f941f1d57eb4d,ArtifactState200,Breadth60,joint_fault,ssb-hard60-base-898d34e1f8687377
ssb-hard60-case-35455f43abb19a94,ArtifactState200,Breadth60,joint_fault,ssb-hard60-base-b07adbdc2f385eb0
ssb-hard60-case-3a14219884292ff4,ArtifactState200,Breadth60,script_fault,ssb-hard60-base-5471bdd643a2e017
ssb-hard60-case-3af501070cb32f0c,ArtifactState200,Breadth60,script_fault,ssb-hard60-base-b61dcd452636a1e1
ssb-hard60-case-3b7dcc0bbcd59fdf,ArtifactState200,Breadth60,joint_fault,ssb-hard60-base-5471bdd643a2e017
ssb-hard60-case-3c134517349c554b,ArtifactState200,Breadth60,joint_fault,ssb-hard60-base-d31244d06996c69e
ssb-hard60-case-42d4dff133e369d8,ArtifactState200,Breadth60,joint_fault,ssb-hard60-base-7b5033c726659cf1
ssb-hard60-case-4413dd92bdeeb715,ArtifactState200,Breadth60,doc_fault,ssb-hard60-base-2aaadcedd1f802ce
ssb-hard60-case-5047542ace3331b9,ArtifactState200,Breadth60,doc_fault,ssb-hard60-base-61ac494d57639881
ssb-hard60-case-5adb0f06658a930b,ArtifactState200,Breadth60,doc_fault,ssb-hard60-base-83189b999489ea40
ssb-hard60-case-5ba260032270cc11,ArtifactState200,Breadth60,joint_fault,ssb-hard60-base-44ae3540acae7f6f
ssb-hard60-case-5e4b48e710487220,ArtifactState200,Breadth60,doc_fault,ssb-hard60-base-b61dcd452636a1e1
ssb-hard60-case-68899e58662c11b5,ArtifactState200,Breadth60,doc_fault,ssb-hard60-base-419cfe06f63c460e
ssb-hard60-case-6f882571bd6a23f2,ArtifactState200,Breadth60,doc_fault,ssb-hard60-base-1051e707ee597b9f
ssb-hard60-case-726735296391062b,ArtifactState200,Breadth60,doc_fault,ssb-hard60-base-7b5033c726659cf1
ssb-hard60-case-76bbd5c32af14b69,ArtifactState200,Breadth60,doc_fault,ssb-hard60-base-da42e4a2ef43fb47
ssb-hard60-case-80c0a58bbbacde1f,ArtifactState200,Breadth60,doc_fault,ssb-hard60-base-898d34e1f8687377
ssb-hard60-case-8c3022c9c27511d7,ArtifactState200,Breadth60,script_fault,ssb-hard60-base-b07adbdc2f385eb0
ssb-hard60-case-9663fb63231be1fa,ArtifactState200,Breadth60,joint_fault,ssb-hard60-base-b61dcd452636a1e1
ssb-hard60-case-a07073f15e7bbd7c,ArtifactState200,Breadth60,script_fault,ssb-hard60-base-7b5033c726659cf1
ssb-hard60-case-a4dc20f723742dec,ArtifactState200,Breadth60,script_fault,ssb-hard60-base-1051e707ee597b9f
ssb-hard60-case-ae5ce5ba27cf322c,ArtifactState200,Breadth60,doc_fault,ssb-hard60-base-d31244d06996c69e
ssb-hard60-case-b21a31fc5343071c,ArtifactState200,Breadth60,doc_fault,ssb-hard60-base-56ead6cdebb36710
ssb-hard60-case-b5c5fe2cdacf5bad,ArtifactState200,Breadth60,joint_fault,ssb-hard60-base-2aaadcedd1f802ce
ssb-hard60-case-b7642a0d8939b76c,ArtifactState200,Breadth60,doc_fault,ssb-hard60-base-5471bdd643a2e017
ssb-hard60-case-c0df760747ff9017,ArtifactState200,Breadth60,joint_fault,ssb-hard60-base-83189b999489ea40
ssb-hard60-case-ceb86fa1d9dac161,ArtifactState200,Breadth60,joint_fault,ssb-hard60-base-1051e707ee597b9f
ssb-hard60-case-d1a8704b6dc3c7a3,ArtifactState200,Breadth60,script_fault,ssb-hard60-base-419cfe06f63c460e
ssb-hard60-case-d3d877b753b8ba9b,ArtifactState200,Breadth60,script_fault,ssb-hard60-base-e090a4e8446db328
ssb-hard60-case-d994a7b6e079d36a,ArtifactState200,Breadth60,doc_fault,ssb-hard60-base-44ae3540acae7f6f
ssb-hard60-case-db82e94ceea511fd,ArtifactState200,Breadth60,script_fault,ssb-hard60-base-44ae3540acae7f6f
ssb-hard60-case-e7c974163265d231,ArtifactState200,Breadth60,script_fault,ssb-hard60-base-61ac494d57639881
ssb-hard60-case-f5f8587dc36ca396,ArtifactState200,Breadth60,script_fault,ssb-hard60-base-83189b999489ea40
ssb-hard60-case-f6850ed1c655b434,ArtifactState200,Breadth60,joint_fault,ssb-hard60-base-56ead6cdebb36710
ssb-state-026b0efa79680e46,ArtifactState200,Core80,script_fault,ssb-base-fa4e7adb420d9c38
ssb-state-0dc9f4353c2b8e33,ArtifactState200,Core80,joint_fault,ssb-base-69fc82ae919f5b06
ssb-state-189194df7db2d0c3,ArtifactState200,Core80,script_fault,ssb-base-08846d33622b963f
ssb-state-1f1fb9a1faef9104,ArtifactState200,Core80,doc_fault,ssb-base-ed60374587d1a824
ssb-state-21f0e4183d7b6c9a,ArtifactState200,Core80,joint_fault,ssb-base-d10cf419259ba890
ssb-state-257875aa8c963775,ArtifactState200,Core80,doc_fault,ssb-base-4050f8508e09a116
ssb-state-25ea2ed271af70c7,ArtifactState200,Core80,doc_fault,ssb-base-01015a48f2cceac2
ssb-state-2a73944cf7e99dc5,ArtifactState200,Core80,doc_fault,ssb-base-c73c4cabdd4a3971
ssb-state-3418cb8c5bd20de6,ArtifactState200,Core80,doc_fault,ssb-base-c11aa38ac2b072fd
ssb-state-346ea88ed876ff00,ArtifactState200,Core80,joint_fault,ssb-base-f967782dcac2af07
ssb-state-366c8aff65067337,ArtifactState200,Core80,joint_fault,ssb-base-fa4e7adb420d9c38
ssb-state-37ed421aa90d8f62,ArtifactState200,Core80,doc_fault,ssb-base-d10cf419259ba890
ssb-state-427ad88442cbe994,ArtifactState200,Core80,doc_fault,ssb-base-50a321041125b432
ssb-state-442448a095757d68,ArtifactState200,Core80,doc_fault,ssb-base-88ce0e9daf410ba0
ssb-state-4557aed354891b4c,ArtifactState200,Core80,joint_fault,ssb-base-127d84d894b7d30a
ssb-state-4557cb4e718e62c2,ArtifactState200,Core80,joint_fault,ssb-base-c73c4cabdd4a3971
ssb-state-4a45c8073d34daf9,ArtifactState200,Core80,doc_fault,ssb-base-86e13feed3441e2c
ssb-state-4a5c178c2e058bfb,ArtifactState200,Core80,doc_fault,ssb-base-5e8dc4b91db2149e
ssb-state-4c5b99e39efd83e5,ArtifactState200,Core80,script_fault,ssb-base-50a321041125b432
ssb-state-5a3b4ba0104c1e16,ArtifactState200,Core80,joint_fault,ssb-base-958880d3067a319f
ssb-state-61be83358cd103ec,ArtifactState200,Core80,script_fault,ssb-base-9417ba6306f9f0ca
ssb-state-63f306c79c33cb27,ArtifactState200,Core80,joint_fault,ssb-base-4050f8508e09a116
ssb-state-64ea000fb03ca144,ArtifactState200,Core80,script_fault,ssb-base-88ce0e9daf410ba0
ssb-state-6502ff15137aedb4,ArtifactState200,Core80,script_fault,ssb-base-d10cf419259ba890
ssb-state-686a44467164defa,ArtifactState200,Core80,doc_fault,ssb-base-958880d3067a319f
ssb-state-750df19b448b96b1,ArtifactState200,Core80,script_fault,ssb-base-86e13feed3441e2c
ssb-state-7869565dbe0944ed,ArtifactState200,Core80,doc_fault,ssb-base-08846d33622b963f
ssb-state-7a60848d9f4be8d5,ArtifactState200,Core80,script_fault,ssb-base-ed60374587d1a824
ssb-state-7de0b71f026521d9,ArtifactState200,Core80,script_fault,ssb-base-127d84d894b7d30a
ssb-state-7e1f42c11056c1e6,ArtifactState200,Core80,doc_fault,ssb-base-b896f54a4c08b391
ssb-state-7e8fbd244e93839a,ArtifactState200,Core80,script_fault,ssb-base-fbcdea76f5d765f5
ssb-state-82b3404ab8687c78,ArtifactState200,Core80,doc_fault,ssb-base-9417ba6306f9f0ca
ssb-state-85287c8ed6ddec32,ArtifactState200,Core80,script_fault,ssb-base-69fc82ae919f5b06
ssb-state-8560c3316f6a5dbe,ArtifactState200,Core80,script_fault,ssb-base-01015a48f2cceac2
ssb-state-8862e6052f46bf27,ArtifactState200,Core80,doc_fault,ssb-base-f967782dcac2af07
ssb-state-952611cb0f56709a,ArtifactState200,Core80,script_fault,ssb-base-958880d3067a319f
ssb-state-96d60986b27587f4,ArtifactState200,Core80,joint_fault,ssb-base-ed60374587d1a824
ssb-state-97935129aaf0a3ad,ArtifactState200,Core80,doc_fault,ssb-base-fa4e7adb420d9c38
ssb-state-9cfaef05b3749354,ArtifactState200,Core80,joint_fault,ssb-base-86e13feed3441e2c
ssb-state-a47b1ed59224c5ff,ArtifactState200,Core80,script_fault,ssb-base-9a2c4c329decffc7
ssb-state-a7b4351420c342fc,ArtifactState200,Core80,joint_fault,ssb-base-fbcdea76f5d765f5
ssb-state-b705d0f121a2ae40,ArtifactState200,Core80,script_fault,ssb-base-f967782dcac2af07
ssb-state-b71ed7e01dd3d4bd,ArtifactState200,Core80,joint_fault,ssb-base-01015a48f2cceac2
ssb-state-b90b347121d974a4,ArtifactState200,Core80,joint_fault,ssb-base-9a2c4c329decffc7
ssb-state-ba889a46fb615804,ArtifactState200,Core80,doc_fault,ssb-base-fbcdea76f5d765f5
ssb-state-bd2701b98c7cc50f,ArtifactState200,Core80,script_fault,ssb-base-c11aa38ac2b072fd
ssb-state-bf140dda779e1048,ArtifactState200,Core80,joint_fault,ssb-base-5e8dc4b91db2149e
ssb-state-c4fdefe94aaa948f,ArtifactState200,Core80,joint_fault,ssb-base-08846d33622b963f
ssb-state-caeff460644468ef,ArtifactState200,Core80,doc_fault,ssb-base-69fc82ae919f5b06
ssb-state-cc6da92d1f16e50a,ArtifactState200,Core80,joint_fault,ssb-base-b896f54a4c08b391
ssb-state-cff7566b7d078144,ArtifactState200,Core80,joint_fault,ssb-base-c11aa38ac2b072fd
ssb-state-d614f547984c9f9a,ArtifactState200,Core80,joint_fault,ssb-base-88ce0e9daf410ba0
ssb-state-dbdf8828896156c3,ArtifactState200,Core80,doc_fault,ssb-base-9a2c4c329decffc7
ssb-state-e32484a5a46a8400,ArtifactState200,Core80,script_fault,ssb-base-4050f8508e09a116
ssb-state-e40aaef73224b942,ArtifactState200,Core80,doc_fault,ssb-base-127d84d894b7d30a
ssb-state-e7fc05a8766c7b4c,ArtifactState200,Core80,script_fault,ssb-base-5e8dc4b91db2149e
ssb-state-f471b10752d75e85,ArtifactState200,Core80,script_fault,ssb-base-b896f54a4c08b391
ssb-state-f8cdbd5eaf4cece6,ArtifactState200,Core80,script_fault,ssb-base-c73c4cabdd4a3971
ssb-state-f969acffcf0bf9a1,ArtifactState200,Core80,joint_fault,ssb-base-50a321041125b432
ssb-state-f96c6cadb6c96de8,ArtifactState200,Core80,joint_fault,ssb-base-9417ba6306f9f0ca
